"id";"password";"last_login";"is_superuser";"username";"first_name";"last_name";"email";"is_staff";"is_active";"date_joined"
1;"pbkdf2_sha256$1000000$SbegjEiEmqPcNPjPUFLgzf$dx0H+MO7PEv9hvPLRqIZ9uFM83ciyXVYcf1eq2B8bKI=";"2025-07-09 13:20:03.469858";1;"ali";"";"";"ali@ali.com";1;1;"2025-07-09 13:19:51.305693"
2;"pbkdf2_sha256$1000000$kE1nNIivk5RDAwbY93E7uQ$62GWliQN3eibd9hLZ1GeZBIjWtaveCLl9DtNa6MRrKA=";"2025-11-10 22:20:45.343690";1;"alireza";"";"";"alireza@alireza.com";1;1;"2025-07-14 17:19:12.314611"
3;"pbkdf2_sha256$1000000$0E4Pao7KBqp6LuqVBOSK8Q$91sWCcbbPilDxgKTyZgM0VEWnHui2duOmtw342ckr/M=";"2025-07-17 01:28:48.963786";0;"ali01";"";"";"ali01@ali01.com";0;1;"2025-07-16 23:20:42.894960"
4;"pbkdf2_sha256$1000000$xKsZXkzKRzPI5XwhyCrdcm$CEoPBX8DkgEYwauGEfj64HLCwc3+KZ5FwZ4g/Nux46Y=";"2025-07-19 14:23:17.512388";0;"ali06";"";"";"ali06@ali06.com";0;1;"2025-07-19 14:23:15.742847"
5;"pbkdf2_sha256$1000000$Iojsw1zVfcUcZebBiemBeQ$gr4o3lrJjrRFXmODxp9oWESpbIHQRfd/46XML+VQDh4=";"2025-07-19 14:25:05.183810";0;"ali07";"";"";"ali07@ali07.com";0;1;"2025-07-19 14:25:04.081679"
6;"pbkdf2_sha256$1000000$3Xg6DJNa1n1InMOIBOj4UU$F54M1M+9pZ6z+E1WtWylWckzd3ZO8Plujbv2XZtGMVY=";"2025-08-03 20:51:36.678516";0;"abbas";"";"";"abbas@abbas.com";0;1;"2025-08-03 20:51:35.288790"
7;"pbkdf2_sha256$1000000$DK3QtykaRIeHT7kcKAaU4e$SdSJASbMRp/r/KhVJODqj5cHJsV9797Epshu08A/NSU=";"2025-08-03 20:55:46.131974";0;"qata";"";"";"qata@qata.com";0;1;"2025-08-03 20:55:44.814885"
8;"pbkdf2_sha256$1000000$HwNrURfQBKk6Zefva0kX3p$eDqhxu8aRMeVHX1g+gS3Iuftt0NzN3ZzuOK11fOMYWo=";"2025-08-03 21:18:09.850844";0;"a10";"";"";"a10@a10.com";0;1;"2025-08-03 21:18:08.805110"
9;"pbkdf2_sha256$1000000$fllegt8IcPLCyo4BSprcL2$+c+gIPV/9oDeq43Ldxxr2pIGbAHTOF3kG18wCFB95aI=";"2025-08-03 21:22:11.307421";0;"a100";"";"";"a100@a100.com";0;1;"2025-08-03 21:22:10.325561"
10;"pbkdf2_sha256$1000000$Z4lUOj7RafHfy2jk0oybGr$WHdu4RSMk5pNT8heKGQMniGDLkZ3ZDSVBQ0juYI9T58=";"2025-08-03 21:33:50.021178";0;"a40";"";"";"a40@a40.com";0;1;"2025-08-03 21:33:48.791669"
11;"pbkdf2_sha256$1000000$C90pHM5SkwI4PQjFxYqCqG$VtsFQ8hNI3jliwamZKIuWSSRIVl/QEVyNbIQZUhJWUI=";"2025-08-03 21:38:46.686527";0;"ali123";"";"";"ali123@a123.com";0;1;"2025-08-03 21:38:44.023645"
12;"pbkdf2_sha256$1000000$PLbnLEyZra3RXfSjFve1Hy$rRCQwwnXUYcoHmGgWQsRUAhSUrRLt8LuQFC5Ala1PQI=";"2025-08-03 21:48:01.103349";0;"a80";"";"";"a80@a80.com";0;1;"2025-08-03 21:47:59.845890"
13;"pbkdf2_sha256$1000000$djOEGyf9dDnorE2A8pdEBR$AWzlyacs7ezZoKmXyzfK3bKA09Ci2ZfBXkee//ZWgxI=";"2025-08-03 21:51:50.146380";0;"a500";"";"";"a500@a500.com";0;1;"2025-08-03 21:51:49.000565"
14;"pbkdf2_sha256$1000000$g2Nv5y89enM9oH6mScwP47$Vtq/KgGeI7bnyazCq9Smlfo/bXAmUt8wM9Oux0kU15k=";"2025-08-03 21:56:45.381405";0;"s500";"";"";"s500@s500.com";0;1;"2025-08-03 21:56:44.359254"
15;"pbkdf2_sha256$1000000$NYR0DVgY8hm0jKtusTCRzb$o0GTrDUmLBsnroDKyMXHApMTGP4H4G4M8rfaAES9fBI=";"2025-08-03 22:00:01.540781";0;"ss";"";"";"ss@ss.com";0;1;"2025-08-03 22:00:00.325802"
16;"pbkdf2_sha256$1000000$1jAPcozT3lvpFdJVmC1Yfu$K5l5c7bqBr8nJPtdmN1rOoRJj4a9PX9xaq2fFETsmic=";"2025-08-03 22:06:18.207185";0;"dd";"";"";"dd@dd.com";0;1;"2025-08-03 22:06:17.216304"
17;"pbkdf2_sha256$1000000$pL0GJLWSxT1Q9jzmrswxd3$7KWQaW/rTOpKCiKiTv6bssMYPUnItikrhAMjGkwT25k=";"2025-09-07 14:19:06.707785";0;"a55";"";"";"a55@a55.com";0;1;"2025-09-07 14:19:04.110700"
